{
  "start": {
    "name": "start_1_SM_0",
    "x": -31.899999618530273,
    "y": -87.79999542236328,
    "z": 0.5999999642372131
  },
  "goal": {
    "name": "goal_1_SM_0",
    "x": 130.5,
    "y": 130.6999969482422,
    "z": 0.29999998211860657
  }
}