{
  "start": {
    "name": "start_1_SM_0",
    "x": -86.79999542236328,
    "y": 133.5,
    "z": 0.0
  },
  "goal": {
    "name": "goal_1_SM_0",
    "x": 59.39999771118164,
    "y": 137.8000030517578,
    "z": 0.0
  }
}