{
  "start": {
    "name": "start_1_SM_0",
    "x": 28.599998474121094,
    "y": -42.70000076293945,
    "z": 0.5999999642372131
  },
  "goal": {
    "name": "goal_1_SM_0",
    "x": -103.19999694824219,
    "y": -4.099999904632568,
    "z": 1.100000023841858
  }
}