{
  "start": {
    "name": "start_1_SM_0",
    "x": 16.5,
    "y": 119.19999694824219,
    "z": 0.0,
    "road_id": 62,
    "lane_id": -1
  },
  "goal": {
    "name": "goal_1_SM_0",
    "x": -104.5999984741211,
    "y": -161.8000030517578,
    "z": 0.0,
    "road_id": 510,
    "lane_id": -1
  }
}